civility,name,firstName,email,phoneNumber,nationality
Mme.,Dubois,Emma,emma.dubois@example.com,0248236589,CA
M.,Martin,Louis,louis.martin@example.com,01 54 30 12 63,GB
Mme.,Martin,Emma,emma.martin@example.com,+33 (0)8 09 52 25 78,EE
Mme.,Martin,Julie,julie.martin@example.com,+33 (0)3 76 98 60 13,IN
Mme.,Durand,Julie,julie.durand@example.com,0326554490,ES
M.,Martin,Hugo,hugo.martin@example.com,0429122979,FR
M.,Thomas,Lucas,lucas.thomas@example.com,+33 1 81 25 16 33,BR
M.,Bernard,Chloé,chloé.bernard@example.com,03 55 27 45 04,GB
Mme.,Thomas,Stéphanie,stéphanie.thomas@example.com,0113415073,DZ
M.,Petit,Julien,julien.petit@example.com,+33 (0)1 87 23 15 06,CA
M.,Bernard,Julien,julien.bernard@example.com,0539486935,CA
M.,Bernard,Louis,louis.bernard@example.com,+33 8 06 62 56 20,IN
M.,Thomas,Anaïs,anaïs.thomas@example.com,+33 (0)1 69 49 95 58,IN
M.,Martin,Hugo,hugo.martin@example.com,+33 2 88 53 82 22,BR
M.,Petit,Julien,julien.petit@example.com,05 44 09 00 32,US
M.,Thomas,Chloé,chloé.thomas@example.com,0809740770,CA
Mme.,Martin,Emma,emma.martin@example.com,+33 (0)8 08 58 58 59,FR
M.,Bernard,Julien,julien.bernard@example.com,+33 (0)6 05 77 67 34,DE
M.,Bernard,Hugo,hugo.bernard@example.com,+33 2 31 71 25 18,US
M.,Bernard,Roland,roland.bernard@example.com,05 40 39 83 29,BR
M.,Gosselin,Louis,louis.gosselin@example.com,+33 (0)5 86 70 92 72,ES
M.,Garcia,Chloé,chloé.garcia@example.com,03 76 45 11 35,CN
M.,Garcia,Hugo,hugo.garcia@example.com,+33 8 00 46 07 73,DZ
M.,Durand,Frédéric,frédéric.durand@example.com,01 46 60 14 47,JP
Mme.,Durand,Julie,julie.durand@example.com,+33 (0)3 68 19 62 26,GB
M.,Thomas,Hugo,hugo.thomas@example.com,0131242291,DE
M.,Bernard,Louis,louis.bernard@example.com,05 65 79 64 35,EE
Mme.,Munoz,Julie,julie.munoz@example.com,02 65 96 87 40,FR
M.,Thomas,Chloé,chloé.thomas@example.com,03 67 55 50 08,JP
Mme.,Petit,Cécile,cécile.petit@example.com,06 64 22 43 96,ES
M.,Petit,Chloé,chloé.petit@example.com,0593958058,JP
Mme.,Martin,Emma,emma.martin@example.com,02 96 62 81 11,ES
M.,Petit,Julien,julien.petit@example.com,+33 (0)2 82 93 29 05,BR
M.,Thomas,Hugo,hugo.thomas@example.com,0170860921,JP
M.,Dubois,Julien,julien.dubois@example.com,+33 (0)1 68 33 70 85,IN
M.,Alves,Chloé,chloé.alves@example.com,+33 (0)6 43 87 64 87,DE
M.,Petit,Chloé,chloé.petit@example.com,+33 (0)1 87 00 74 90,FR
Mme.,Bernard,Emma,emma.bernard@example.com,+33 (0)1 54 41 06 93,ES
Mme.,Bernard,Emma,emma.bernard@example.com,04 00 52 37 34,BR
M.,Thomas,Hugo,hugo.thomas@example.com,0307860829,FR
Mme.,Durand,Emma,emma.durand@example.com,+33 (0)3 72 41 47 65,US
Mme.,Garcia,Julie,julie.garcia@example.com,+33 2 98 76 41 24,ES
M.,Bernard,Louis,louis.bernard@example.com,0803624355,EE
Mme.,Garcia,Caroline,caroline.garcia@example.com,0372292067,DZ
Mme.,Dubois,Emma,emma.dubois@example.com,06 59 80 02 48,ES
Mme.,Garcia,Julie,julie.garcia@example.com,+33 (0)8 03 31 78 89,JP
M.,Petit,Hugo,hugo.petit@example.com,+33 1 26 78 61 62,IT
M.,Charles,Lucas,lucas.charles@example.com,01 05 09 55 89,US
M.,Petit,Chloé,chloé.petit@example.com,0215610268,CA
Mme.,Martin,Emma,emma.martin@example.com,03 53 13 04 46,GB
M.,Durand,Hugo,hugo.durand@example.com,+33 2 77 23 29 49,EE
Mme.,Thomas,Emma,emma.thomas@example.com,+33 4 85 89 98 58,IN
M.,Thomas,Julien,julien.thomas@example.com,01 16 93 75 39,BR
M.,Dubois,Lucas,lucas.dubois@example.com,+33 (0)8 02 98 32 04,IT
M.,Bernard,Lucas,lucas.bernard@example.com,+33 (0)1 28 39 79 77,DE
M.,Martin,Julien,julien.martin@example.com,0521324973,CA
Mme.,Dubois,Emma,emma.dubois@example.com,0185865826,CN
Mme.,Petit,Emma,emma.petit@example.com,+33 (0)1 81 09 65 33,BR
M.,Garcia,Chloé,chloé.garcia@example.com,02 97 11 97 43,EE
M.,Martin,Charles,charles.martin@example.com,+33 (0)5 60 01 25 26,CA
M.,Petit,Louis,louis.petit@example.com,+33 (0)6 34 80 88 24,EE
M.,Durand,Hugo,hugo.durand@example.com,02 25 59 63 48,IT
Mme.,Thomas,Emma,emma.thomas@example.com,02 29 79 36 81,EE
M.,Durand,Louis,louis.durand@example.com,+33 (0)1 41 86 01 00,DZ
M.,Martin,Chloé,chloé.martin@example.com,0450734909,FR
M.,Bernard,Lucas,lucas.bernard@example.com,+33 (0)2 15 72 48 99,JP
M.,Collet,Chloé,chloé.collet@example.com,+33 3 26 48 68 37,FR
Mme.,Thomas,Julie,julie.thomas@example.com,0492092984,DE
M.,Dubois,Margaux,margaux.dubois@example.com,+33 3 29 47 64 46,CN
M.,Durand,Hugo,hugo.durand@example.com,06 62 35 04 40,IN
Mme.,Bousquet,Emma,emma.bousquet@example.com,0309145681,DZ
Mme.,Bernard,Julie,julie.bernard@example.com,+33 2 75 07 29 08,EE
Mme.,Dubois,Maurice,maurice.dubois@example.com,+33 4 07 77 62 92,GB
M.,Thomas,Chloé,chloé.thomas@example.com,+33 5 34 52 41 27,GB
M.,Bernard,Chloé,chloé.bernard@example.com,03 09 03 04 84,JP
Mme.,Durand,Julie,julie.durand@example.com,+33 (0)8 01 80 05 09,IT
M.,Petit,Chloé,chloé.petit@example.com,01 86 28 57 02,EE
M.,Petit,Louis,louis.petit@example.com,0652449013,DE
M.,Martin,Lucas,lucas.martin@example.com,+33 5 68 87 94 72,GB
Mme.,Petit,Emma,emma.petit@example.com,06 49 46 80 49,US
M.,Garcia,Julien,julien.garcia@example.com,+33 (0)1 14 09 27 29,CA
Mme.,Durand,Catherine,catherine.durand@example.com,0581634044,CA
M.,Martin,Julien,julien.martin@example.com,0113423958,EE
M.,Petit,Julien,julien.petit@example.com,+33 (0)3 96 81 74 99,CA
Mme.,Rolland,Emma,emma.rolland@example.com,+33 8 03 28 83 48,IN
M.,Perrin,Hugo,hugo.perrin@example.com,08 08 89 10 38,ES
M.,Dubois,Julien,julien.dubois@example.com,0674266721,BR
Mme.,Garcia,Julie,julie.garcia@example.com,03 40 69 42 69,EE
M.,Petit,Julien,julien.petit@example.com,0806390063,DE
M.,Dubois,Lucas,lucas.dubois@example.com,+33 (0)6 21 73 22 26,IT
M.,Garcia,Lucas,lucas.garcia@example.com,+33 8 04 66 64 67,US
Mme.,Martin,Christophe,christophe.martin@example.com,+33 1 44 99 41 64,ES
Mme.,Bernard,Amélie,amélie.bernard@example.com,+33 6 92 40 04 56,IT
Mme.,Dubois,Emma,emma.dubois@example.com,04 07 06 49 96,IN
M.,Morin,Louis,louis.morin@example.com,+33 1 62 83 67 81,IT
Mme.,Leclerc,Sabine,sabine.leclerc@example.com,+33 1 52 22 96 44,US
M.,Thomas,Julien,julien.thomas@example.com,+33 (0)1 63 46 76 92,DZ
Mme.,Ollivier,Colette,colette.ollivier@example.com,05 04 27 11 25,IN
M.,Martin,Hugo,hugo.martin@example.com,+33 (0)3 75 62 27 64,JP
M.,Bernard,Chloé,chloé.bernard@example.com,+33 4 05 66 00 27,GB
M.,Thomas,Louis,louis.thomas@example.com,+33 (0)2 78 72 29 01,FR
M.,Thomas,Chloé,chloé.thomas@example.com,0533382487,DZ
M.,Bernard,Louis,louis.bernard@example.com,0549461544,IT
M.,Martin,Louis,louis.martin@example.com,+33 6 90 88 41 54,EE
M.,Petit,Louis,louis.petit@example.com,03 80 30 01 00,DE
M.,Dubois,Louis,louis.dubois@example.com,+33 1 80 66 63 06,GB
M.,Dubois,Margaud,margaud.dubois@example.com,+33 (0)4 41 62 94 82,JP
M.,Thomas,Lucas,lucas.thomas@example.com,+33 1 08 37 90 57,US
M.,Durand,Chloé,chloé.durand@example.com,+33 6 90 94 53 15,GB
M.,Thomas,Chloé,chloé.thomas@example.com,08 07 87 01 05,IN
M.,Thomas,Julien,julien.thomas@example.com,+33 1 97 92 91 39,CN
Mme.,Durand,Lucie,lucie.durand@example.com,0473755075,DE
M.,Durand,Louis,louis.durand@example.com,03 75 96 77 87,EE
M.,Hoarau,Julien,julien.hoarau@example.com,04 46 22 05 75,US
M.,Martin,Chloé,chloé.martin@example.com,03 14 02 87 76,GB
M.,Dubois,Julien,julien.dubois@example.com,+33 1 90 66 02 33,FR
M.,Thomas,Chloé,chloé.thomas@example.com,02 03 76 12 83,JP
M.,Bernard,Hugo,hugo.bernard@example.com,+33 (0)5 37 11 94 74,EE
M.,Durand,Hugo,hugo.durand@example.com,+33 (0)2 65 77 85 64,ES
Mme.,Petit,Stéphane,stéphane.petit@example.com,+33 6 70 07 18 50,IN
M.,Durand,Julien,julien.durand@example.com,0801569377,CN
Mme.,Muller,Julie,julie.muller@example.com,01 54 98 89 65,DE
Mme.,Bernard,Emma,emma.bernard@example.com,+33 (0)6 72 21 33 49,IT
M.,Petit,Hugo,hugo.petit@example.com,+33 (0)2 53 51 92 67,DZ
M.,Bernard,Lucas,lucas.bernard@example.com,+33 (0)8 02 69 31 26,FR
M.,Garcia,Chloé,chloé.garcia@example.com,0411421227,ES
Mme.,Dubois,Emma,emma.dubois@example.com,06 39 56 53 66,JP
Mme.,Durand,Julie,julie.durand@example.com,0452406109,IT
M.,Millet,Lucas,lucas.millet@example.com,+33 2 55 59 94 78,EE
Mme.,Petit,Adèle,adèle.petit@example.com,02 68 22 54 50,US
Mme.,Martin,Julie,julie.martin@example.com,0660092511,ES
M.,Garcia,Lucas,lucas.garcia@example.com,0140716100,US
M.,Petit,Chloé,chloé.petit@example.com,01 70 52 10 08,CA
Mme.,Garcia,Julie,julie.garcia@example.com,+33 4 32 81 42 35,CA
Mme.,Garcia,Emma,emma.garcia@example.com,0800434117,US
M.,Dupont,Chloé,chloé.dupont@example.com,+33 2 75 09 99 22,IN
M.,Petit,Hugo,hugo.petit@example.com,+33 1 61 65 86 18,EE
Mme.,Thomas,Julie,julie.thomas@example.com,0578387550,CA
Mme.,Garcia,Julie,julie.garcia@example.com,05 35 88 79 51,CN
Mme.,Martin,Emma,emma.martin@example.com,01 46 63 80 50,IT
M.,Bernard,Hugo,hugo.bernard@example.com,08 05 41 79 93,IT
Mme.,Lemaître,Emma,emma.lemaître@example.com,0440140216,US
Mme.,Durand,Julie,julie.durand@example.com,+33 (0)4 22 46 16 91,CN
Mme.,Martin,Hélène,hélène.martin@example.com,0114766759,DZ
M.,Bernard,Frédéric,frédéric.bernard@example.com,+33 2 93 50 03 86,GB
M.,Thomas,Hugo,hugo.thomas@example.com,0206472045,DZ
M.,Durand,Chloé,chloé.durand@example.com,03 98 21 43 79,DE
M.,Dubois,Chloé,chloé.dubois@example.com,04 67 26 58 56,BR
Mme.,Petit,Camille,camille.petit@example.com,0200094941,DE
Mme.,Durand,Emma,emma.durand@example.com,+33 (0)6 02 11 27 52,IN
M.,Bernard,Julien,julien.bernard@example.com,+33 (0)4 61 29 70 67,ES
Mme.,Bernard,Claude,claude.bernard@example.com,01 72 98 00 26,DZ
M.,Martin,Chloé,chloé.martin@example.com,+33 (0)8 00 13 82 94,DZ
M.,Dubois,Chloé,chloé.dubois@example.com,0670517116,FR
Mme.,Dubois,Julie,julie.dubois@example.com,+33 (0)6 62 13 93 60,CA
M.,Bernard,Susan,susan.bernard@example.com,0802876929,EE
Mme.,Bernard,Julie,julie.bernard@example.com,01 20 93 73 64,DZ
M.,Thomas,Chloé,chloé.thomas@example.com,+33 (0)8 04 86 67 11,ES
M.,Martin,Hugo,hugo.martin@example.com,06 53 75 04 99,IN
M.,Petit,Hugo,hugo.petit@example.com,0327499777,DE
M.,Martin,Hugo,hugo.martin@example.com,01 64 78 86 78,IT
Mme.,Dubois,Emma,emma.dubois@example.com,+33 6 68 82 27 48,ES
Mme.,Dubois,Emma,emma.dubois@example.com,03 39 29 60 50,GB
Mme.,Perrier,Emma,emma.perrier@example.com,0486627191,BR
M.,Garcia,Julien,julien.garcia@example.com,+33 (0)6 45 19 74 00,DZ
M.,Dubois,Emmanuel,emmanuel.dubois@example.com,01 93 29 17 93,IN
M.,Thomas,Chloé,chloé.thomas@example.com,01 00 86 55 28,BR
M.,Petit,Julien,julien.petit@example.com,02 94 85 93 51,CA
M.,Thomas,Chloé,chloé.thomas@example.com,05 17 17 00 96,IN
M.,Garcia,Louis,louis.garcia@example.com,+33 6 82 22 19 50,IT
M.,Durand,Chloé,chloé.durand@example.com,+33 1 40 81 23 83,ES
M.,Durand,Chloé,chloé.durand@example.com,+33 4 81 59 10 04,US
Mme.,Thomas,Emma,emma.thomas@example.com,0492334819,CA
Mme.,Dubois,Christiane,christiane.dubois@example.com,03 30 52 25 60,DZ
M.,Roux,Astrid,astrid.roux@example.com,+33 8 02 32 11 60,BR
M.,Garcia,Chloé,chloé.garcia@example.com,04 14 97 32 60,DZ
M.,Diaz,Lucas,lucas.diaz@example.com,02 56 48 37 82,IT
Mme.,Bernard,Julie,julie.bernard@example.com,06 92 14 94 01,EE
M.,Garcia,Hugo,hugo.garcia@example.com,0195615950,FR
Mme.,Garcia,Emma,emma.garcia@example.com,04 13 87 60 67,EE
M.,Durand,Louis,louis.durand@example.com,+33 1 10 38 20 84,BR
M.,Dubois,Louis,louis.dubois@example.com,+33 1 37 46 29 41,US
M.,Petit,Lucas,lucas.petit@example.com,+33 (0)3 12 39 00 35,IT
M.,Bernard,Julien,julien.bernard@example.com,+33 1 11 38 17 33,CA
Mme.,Durand,Julie,julie.durand@example.com,+33 4 49 68 73 07,ES
M.,Garcia,Louis,louis.garcia@example.com,+33 (0)4 81 00 91 18,IN
Mme.,Bernard,Julie,julie.bernard@example.com,+33 3 78 01 85 87,EE
M.,Durand,Lucas,lucas.durand@example.com,+33 (0)4 95 57 84 91,DE
M.,Petit,Lucas,lucas.petit@example.com,+33 4 65 66 55 91,DE
M.,Bernard,Chloé,chloé.bernard@example.com,0478883234,EE
Mme.,Garcia,Julie,julie.garcia@example.com,05 15 83 79 73,JP
M.,Durand,Hugo,hugo.durand@example.com,+33 (0)8 03 78 27 99,GB
Mme.,Martin,Pauline,pauline.martin@example.com,+33 6 09 78 65 02,CN
M.,Durand,Chloé,chloé.durand@example.com,0168716149,CN
M.,Dubois,David,david.dubois@example.com,+33 (0)8 04 46 80 40,DE
M.,Petit,Lucas,lucas.petit@example.com,0559368332,CN
M.,Dubois,Louis,louis.dubois@example.com,+33 3 23 10 40 57,US
M.,Dubois,Louis,louis.dubois@example.com,+33 (0)3 14 55 30 82,US
M.,Durand,Chloé,chloé.durand@example.com,01 50 45 57 83,IT
M.,Petit,Chloé,chloé.petit@example.com,+33 (0)4 12 31 28 72,CA
M.,Thomas,Daniel,daniel.thomas@example.com,+33 (0)6 71 19 82 63,US
Mme.,Durand,Emma,emma.durand@example.com,+33 2 57 33 67 50,JP
Mme.,Lefebvre,Gabrielle,gabrielle.lefebvre@example.com,0608976864,CA
Mme.,Dubois,Julie,julie.dubois@example.com,05 92 74 05 61,ES
Mme.,Thomas,Emma,emma.thomas@example.com,+33 5 27 92 24 89,FR
Mme.,Durand,Julie,julie.durand@example.com,01 90 02 33 47,GB
Mme.,Bernard,Céline,céline.bernard@example.com,01 89 12 24 59,GB
Mme.,Bernard,Emma,emma.bernard@example.com,+33 5 20 41 01 83,IN
Mme.,Ferrand,Emma,emma.ferrand@example.com,03 90 61 21 34,DZ
M.,Bernard,Louis,louis.bernard@example.com,+33 (0)8 08 41 79 44,IT
M.,Garcia,Hugo,hugo.garcia@example.com,+33 3 99 05 55 59,IN
M.,Garcia,Julien,julien.garcia@example.com,0802445547,DZ
Mme.,Petit,Julie,julie.petit@example.com,0372766995,DZ
M.,Dubois,Julien,julien.dubois@example.com,+33 4 86 01 40 24,ES
M.,Garcia,William,william.garcia@example.com,0606456506,FR
M.,Bernard,Julien,julien.bernard@example.com,0435853080,IT
M.,Bernard,Chloé,chloé.bernard@example.com,+33 (0)6 75 47 70 82,DZ
M.,Martin,Julien,julien.martin@example.com,03 90 22 28 29,ES
M.,Thomas,Louis,louis.thomas@example.com,+33 (0)8 06 44 28 20,FR
M.,Garcia,Julien,julien.garcia@example.com,0642867249,CA
Mme.,Bernard,Sophie,sophie.bernard@example.com,01 66 40 20 31,IT
M.,Bernard,Julien,julien.bernard@example.com,01 41 75 55 09,EE
Mme.,Thomas,Julie,julie.thomas@example.com,+33 3 27 16 66 62,FR
M.,Bernard,Lucas,lucas.bernard@example.com,04 93 48 02 31,IN
Mme.,Garcia,Emma,emma.garcia@example.com,0160582746,BR
M.,Garcia,Louis,louis.garcia@example.com,0281403187,IN
M.,Garcia,Chloé,chloé.garcia@example.com,+33 (0)8 04 01 34 00,JP
Mme.,Garcia,Julie,julie.garcia@example.com,+33 1 77 14 47 62,DE
M.,Petit,Louis,louis.petit@example.com,05 35 95 13 59,IT
M.,Durand,Lucas,lucas.durand@example.com,+33 (0)8 08 54 72 83,ES
M.,Ledoux,Julien,julien.ledoux@example.com,0337038971,IT
M.,Thomas,Lucas,lucas.thomas@example.com,0378986378,ES
M.,Dubois,Chloé,chloé.dubois@example.com,02 24 33 62 75,DZ
Mme.,Petit,Emma,emma.petit@example.com,+33 (0)1 65 32 76 89,CA
M.,Bernard,Julien,julien.bernard@example.com,04 10 39 73 44,JP
Mme.,Dubois,Julie,julie.dubois@example.com,+33 2 47 84 86 32,FR
M.,Martin,Hugo,hugo.martin@example.com,+33 (0)6 83 10 80 55,CA
M.,Durand,Chloé,chloé.durand@example.com,+33 (0)1 05 20 28 82,US
M.,Garcia,Louis,louis.garcia@example.com,01 85 01 36 10,IT
M.,Dubois,Chloé,chloé.dubois@example.com,03 39 61 83 85,JP
Mme.,Dubois,Julie,julie.dubois@example.com,+33 4 49 28 57 43,IT
Mme.,Martin,Auguste,auguste.martin@example.com,0266713325,FR
M.,Martin,Louis,louis.martin@example.com,+33 (0)1 19 36 40 59,JP
M.,Durand,Chloé,chloé.durand@example.com,02 46 17 23 55,ES
M.,Guyon,Hugo,hugo.guyon@example.com,+33 4 61 49 93 10,IN
M.,Dubois,Lucas,lucas.dubois@example.com,0304529210,JP
M.,Petit,Louis,louis.petit@example.com,+33 (0)8 00 69 48 18,CA
M.,Garcia,Lucas,lucas.garcia@example.com,+33 5 67 58 44 61,EE
Mme.,Dubois,Julie,julie.dubois@example.com,0272932835,GB
M.,Robert,Hugo,hugo.robert@example.com,0479138342,BR
M.,Millet,Hugo,hugo.millet@example.com,+33 (0)8 06 90 25 69,FR
M.,Martineau,Lucas,lucas.martineau@example.com,02 02 85 39 94,BR
M.,Martin,Julien,julien.martin@example.com,0341624732,ES
M.,Durand,Louis,louis.durand@example.com,+33 (0)1 73 28 17 87,FR
M.,Thomas,Hugues,hugues.thomas@example.com,0392119864,JP
M.,Martin,Lucas,lucas.martin@example.com,01 20 11 75 62,DE
M.,Jacquet,Lucas,lucas.jacquet@example.com,+33 8 04 05 41 35,DE
Mme.,Bernard,Emma,emma.bernard@example.com,0212425242,DZ
M.,Dubois,Chloé,chloé.dubois@example.com,+33 2 24 64 96 93,CA
Mme.,Garcia,Emma,emma.garcia@example.com,0606332683,CA
M.,Garcia,Louis,louis.garcia@example.com,0129059367,ES
Mme.,Garcia,Emma,emma.garcia@example.com,+33 (0)1 79 92 11 20,US
M.,Petit,Chloé,chloé.petit@example.com,+33 (0)1 31 33 85 52,IT
M.,Lefort,Louis,louis.lefort@example.com,+33 1 73 13 95 01,FR
M.,Garcia,Chloé,chloé.garcia@example.com,+33 (0)5 18 05 30 71,US
M.,Dubois,Louis,louis.dubois@example.com,0803396670,BR
M.,Garcia,Honoré,honoré.garcia@example.com,+33 (0)3 49 71 80 03,CA
Mme.,Dubois,Julie,julie.dubois@example.com,+33 1 84 22 88 16,BR
M.,Garcia,Julien,julien.garcia@example.com,+33 (0)6 50 72 96 97,CA
M.,Thomas,Lucas,lucas.thomas@example.com,+33 8 05 39 93 86,GB
Mme.,Martin,Julie,julie.martin@example.com,+33 1 10 42 04 15,ES
Mme.,Martin,Emma,emma.martin@example.com,+33 (0)6 32 21 70 41,EE
Mme.,Martin,Julie,julie.martin@example.com,0283633464,ES
M.,Thomas,Lucas,lucas.thomas@example.com,04 60 05 52 28,DZ
Mme.,Martin,Emma,emma.martin@example.com,+33 3 35 84 42 01,CA
Mme.,Garcia,Julie,julie.garcia@example.com,+33 5 18 95 44 87,US
Mme.,Petit,Julie,julie.petit@example.com,08 02 67 95 55,US
M.,Thomas,Chloé,chloé.thomas@example.com,0195508814,IN
M.,Gonzalez,Lucas,lucas.gonzalez@example.com,01 21 37 43 52,FR
M.,Durand,Julien,julien.durand@example.com,+33 (0)1 25 97 91 66,ES
Mme.,Thomas,Julie,julie.thomas@example.com,0253592787,DE
M.,Denis,Chloé,chloé.denis@example.com,+33 4 76 96 25 85,FR
M.,Garcia,Louis,louis.garcia@example.com,08 05 75 62 00,JP
M.,Thomas,Louis,louis.thomas@example.com,+33 (0)1 96 03 10 18,US
Mme.,Martin,Emma,emma.martin@example.com,03 29 93 89 99,DZ
M.,Thomas,Julien,julien.thomas@example.com,0155266949,BR
M.,Thomas,Chloé,chloé.thomas@example.com,+33 (0)8 01 17 90 02,GB
M.,Thomas,Lucas,lucas.thomas@example.com,0377309865,CN
M.,Garcia,Lucas,lucas.garcia@example.com,+33 1 13 58 12 88,CN
Mme.,Durand,Joséphine,joséphine.durand@example.com,+33 (0)4 89 89 78 85,BR
M.,Garcia,François,françois.garcia@example.com,0302136673,JP
Mme.,Dubois,Étienne,étienne.dubois@example.com,01 38 48 02 71,FR
Mme.,Thomas,Emma,emma.thomas@example.com,0419030540,ES
M.,Merle,Julien,julien.merle@example.com,0416628103,IT
M.,Thomas,Julien,julien.thomas@example.com,+33 (0)1 43 43 35 76,BR
M.,Petit,Lucas,lucas.petit@example.com,+33 6 12 62 73 92,DE
Mme.,Thomas,Julie,julie.thomas@example.com,02 12 31 24 01,US
M.,Rolland,Louis,louis.rolland@example.com,0597881830,IN
Mme.,Petit,Pierre,pierre.petit@example.com,+33 1 71 15 06 82,DZ
M.,Coulon,Hugo,hugo.coulon@example.com,+33 (0)6 73 41 74 57,FR
